product,132862
time,58214
work,46179
day,40696
love,37719
price,35270
water,22700
weight,21610
skin,20381
razor,19614
pain,19498
thing,19471
lot,19266
taste,18655
quality,18540
hair,18051
bit,17967
money,17234
size,16688
bottle,15939
week,15097
stuff,15039
smell,15004
problem,14260
purchase,13892
brand,13827
order,13644
year,13593
night,13406
job,13398
item,13273
oil,13250
body,13185
light,12788
scale,12770
side,12168
battery,11901
difference,11567
sleep,11549
month,11450
brush,11422
energy,11112
couple,10862
protein,10749
husband,10365
head,10104
store,10070
face,9577
box,9491
morning,9474
life,9393
review,9100
plastic,9020
hand,8554
top,8266
company,8102
case,8096
supplement,8090
part,7967
scent,7890
cost,7869
place,7629
unit,7593
wife,7532
amount,7402
end,7390
doctor,7355
food,7324
flavor,7308
replacement,7230
vitamin,7206
pack,7140
health,7105
support,6982
deal,6976
blood,6944
cream,6916
kind,6882
powder,6882
blade,6821
fact,6697
charge,6697
area,6665
drink,6635
past,6587
change,6562
diet,6559
pressure,6416
shower,6234
bed,6219
foot,6092
waste,5976
pill,5974
type,5936
bag,5913
experience,5902
device,5885
stomach,5724
reason,5721
loss,5694
system,5664
neck,5639
test,5593
mouth,5582
power,5572
heart,5521
machine,5516
soap,5497
friend,5445
color,5433
relief,5413
house,5408
line,5380
package,5334
care,5316
stick,5279
notice,5251
service,5243
son,5239
room,5139
hope,5047
return,5045
wash,5022
baby,5006
rate,4973
workout,4971
point,4848
design,4839
family,4811
model,4805
issue,4780
knee,4738
bottom,4658
effect,4599
hour,4568
bathroom,4566
spray,4552
toothbrush,4535
paper,4510
milk,4494
exercise,4488
person,4482
customer,4445
daughter,4443
pair,4427
cup,4422
sugar,4398
seller,4319
control,4314
gift,4313
pad,4289
floor,4225
idea,4133
appetite,4122
coffee,4121
level,4120
star,4088
liquid,4086
heat,4085
bar,3967
muscle,3908
travel,3887
chocolate,3881
glass,3844
mind,3786
research,3777
piece,3706
tea,3705
ear,3624
market,3618
kit,3616
version,3606
solution,3601
car,3569
sound,3564
number,3524
beard,3507
air,3472
chair,3459
rest,3386
wax,3386
fall,3347
pillow,3308
fish,3295
fun,3277
trouble,3254
shape,3229
eye,3207
leg,3190
surgery,3159
office,3159
dose,3142
deodorant,3121
arm,3117
material,3115
plan,3089
noise,3082
matter,3064
odor,3046
delivery,3035
lip,3019
meal,3017
tape,3007
step,3005
container,3001
