product,73939
case,67015
camera,65296
price,62342
quality,60998
time,59761
work,57357
sound,57015
bought,54066
don,50800
tv,46009
screen,42981
battery,41547
cable,39635
ve,39576
recommend,36049
love,35463
computer,35144
laptop,33279
unit,31692
set,30961
drive,29921
amazon,29865
problem,29619
usb,29616
power,28303
thing,28213
fit,27726
device,27234
card,26443
keyboard,25884
doesn,25483
video,25038
didn,24851
fine,24511
light,23943
ipad,23532
cover,23482
perfect,23227
put,22802
bit,22559
player,22515
lot,22181
picture,21636
system,21149
purchase,21115
money,20926
music,19836
box,19748
found,19287
tablet,19238
item,19109
phone,19103
mouse,18372
ipod,18247
size,17987
fast,17477
day,17430
worth,17005
excellent,16975
charge,16743
software,16612
remote,16587
plug,16238
ll,16079
cheap,15897
adapter,15839
home,15796
wireless,15666
read,15300
year,15202
play,15082
sony,14742
bag,14721
feel,14631
audio,14548
side,14546
radio,14339
room,14286
cord,14161
install,14113
issue,14032
support,13841
charger,13824
router,13821
dvd,13677
color,13351
hold,13307
thought,13248
review,13188
turn,13133
pc,12975
service,12808
button,12719
top,12691
hd,12680
end,12152
volume,12146
hdmi,12105
speaker,11953
replacement,11819
buying,11696
life,11592
feature,11501
apple,11485
touch,11485
ear,11278
car,11205
simple,11168
memory,11168
monitor,11146
bass,11103
design,11101
order,11077
deal,11070
won,11067
job,11058
plastic,11005
connection,10992
point,10991
model,10955
mount,10948
update,10823
place,10807
couple,10782
setup,10725
built,10638
cost,10635
speed,10585
port,10541
digital,10512
flash,10478
return,10336
stand,10301
connect,10289
control,10273
isn,10156
canon,10013
signal,9908
noise,9896
shipping,9859
samsung,9845
brand,9804
part,9767
range,9614
longer,9596
awesome,9584
front,9482
haven,9396
internet,9254
left,9198
customer,9186
mode,8921
cd,8830
store,8830
fact,8821
watch,8744
reason,8636
line,8593
pay,8554
pair,8514
month,8499
switch,8446
iphone,8403
mac,8365
receiver,8361
company,8315
performance,8278
display,8274
wasn,8265
type,8236
couldn,8194
wall,8181
gps,8171
mine,8152
experience,8113
week,8002
bottom,7959
bluetooth,7958
hand,7932
house,7850
fan,7823
space,7756
carry,7732
mini,7699
network,7686
wouldn,7667
quick,7644
change,7597
version,7555
hear,7538
antenna,7517
protector,7460
image,7408
sturdy,7362
piece,7339
reading,7337
start,7235
access,7197
super,7167
warranty,7129
mp3,7120
cool,7091
weight,6996
user,6948
protection,6928
half,6908
head,6845
decent,6797
difference,6688
pocket,6643
star,6567
standard,6520
sd,6473
air,6459
kind,6434
inch,6373
machine,6362
blue,6294
zoom,6289
paid,6274
macbook,6238
note,6224
lcd,6212
number,6122
loud,6114
function,6113
online,6083
upgrade,6071
wife,6060
listen,6055
guess,6037
installation,6024
fire,6020
option,5987
package,5898
strap,5890
bright,5864
wifi,5857
night,5845
move,5841
cheaper,5827
level,5790
spend,5782
key,5738
seller,5736
wire,5681
gift,5581
glad,5563
nikon,5554
tech,5527
stereo,5513
stay,5508
desktop,5455
leather,5433
send,5408
web,5406
call,5310
dell,5307
stuff,5299
compact,5278
storage,5272
hp,5269
build,5240
hope,5214
protect,5200
broke,5179
clean,5172
faster,5138
headset,5134
logitech,5125
garmin,5100
tripod,5097
download,5045
ray,5023
area,4957
focus,4949
show,4931
apps,4930
told,4927
kit,4922
past,4897
travel,4888
angle,4887
firmware,4864
fix,4851
christmas,4782
movie,4765
hour,4755
view,4750
photo,4692
input,4689
waste,4683
app,4667
netflix,4664
program,4618
asus,4618
mind,4571
son,4564
center,4556
daughter,4511
trouble,4509
office,4498
shoot,4484
pad,4476
amp,4474
amount,4464
blu,4464
panasonic,4462
headphone,4424
test,4417
resolution,4413
connector,4405
choice,4402
wait,4397
multiple,4391
ram,4385
check,4371
website,4347
idea,4325
gb,4317
auto,4292
plenty,4280
thin,4268
stick,4255
record,4236
dont,4214
today,4208
supply,4208
purchasing,4206
tight,4201
handle,4201
output,4186
transfer,4174
figure,4169
trip,4168
material,4148
complaint,4140
water,4135
delivery,4133
cut,4132
spent,4129
smart,4126
market,4122
frame,4115
care,4096
matter,4089
click,4069
wonderful,4066
backup,4061
family,4056
handy,4053
break,4047
person,4047
clip,4032
beat,4028
wear,4026
plan,4022
hook,4019
modem,4018
desk,4003
friend,3995
jack,3980
pack,3977
android,3937
enjoy,3926
stop,3906
game,3902
interface,3897
adjust,3897
write,3895
bose,3893
equipment,3892
file,3883
length,3877
ability,3859
research,3843
base,3837
solution,3824
drop,3813
surface,3810
stylus,3805
metal,3800
provide,3799
position,3787
hardware,3787
book,3785
board,3751
driver,3748
broken,3705
site,3692
packaging,3687
process,3669
fm,3663
heard,3657
rating,3652
smooth,3651
disk,3628
email,3627
description,3623
menu,3620
future,3611
rubber,3608
rate,3607
useless,3595
load,3577
fall,3571
press,3516
beautiful,3499
pick,3498
information,3496
shot,3486
reception,3454
husband,3453
secure,3446
response,3431
business,3429
notice,3428
purpose,3417
slot,3407
roku,3384
understand,3382
google,3371
reader,3318
mic,3315
grip,3277
micro,3270
correct,3266
series,3254
hit,3249
link,3230
dock,3222
minor,3219
bulky,3218
station,3211
convenient,3201
fun,3198
refund,3192
dust,3189
stock,3172
os,3138
tape,3112
helpful,3107
toshiba,3094
sleep,3088
style,3076
band,3073
opinion,3067
pull,3062
addition,3053
worry,3052
ease,3048
disc,3035
prefer,3035
rest,3033
manufacturer,3015
push,2999
format,2985
dark,2977
cell,2971
film,2944
voice,2916
lack,2897
held,2894
felt,2890
technology,2890
surround,2889
galaxy,2888
tab,2873
ssd,2863
lightweight,2862
search,2856
straight,2855
youtube,2854
hub,2853
world,2848
filter,2836
page,2824
repair,2814
luck,2812
projector,2811
ps3,2798
xp,2795
construction,2794
chance,2783
junk,2783
backpack,2782
source,2782
class,2765
favorite,2761
capacity,2732
lock,2729
microsoft,2721
body,2719
receive,2718
error,2697
screw,2692
sleeve,2686
stuck,2680
crisp,2668
careful,2666
microphone,2666
suggest,2666
list,2663
functionality,2662
cpu,2658
date,2657
condition,2650
xbox,2647
factory,2646
bar,2634
window,2632
ac,2630
middle,2625
boot,2608
choose,2607
address,2604
slide,2604
flimsy,2604
im,2596
reset,2577
offer,2573
panel,2569
road,2564
nexus,2563
mail,2556
ethernet,2544
camcorder,2536
damage,2522
fi,2513
ran,2512
newer,2510
snap,2497
hdtv,2489
television,2489
mention,2483
chose,2482
pain,2477
wheel,2473
edge,2473
shut,2472
theater,2464
contact,2464
fault,2463
printer,2460
distance,2456
accurate,2455
thick,2442
prime,2439
slim,2430
living,2420
photography,2404
attach,2403
cooler,2401
processor,2400
step,2393
motherboard,2388
door,2381
outlet,2373
guy,2370
dslr,2365
clarity,2362
spare,2360
security,2360
sit,2359
match,2355
glass,2348
complain,2342
oem,2337
track,2335
transmitter,2331
opening,2327
finish,2322
server,2322
pop,2319
school,2316
wow,2304
linksys,2295
floor,2291
sort,2283
heat,2276
exact,2271
protective,2253
arm,2242
eye,2242
avoid,2239
generation,2236
netbook,2229
location,2221
application,2219
require,2217
bother,2215
extension,2214
learn,2213
stream,2208
rear,2208
improvement,2204
dvds,2197
subwoofer,2196
word,2194
bedroom,2192
motion,2191
finger,2184
mid,2183
table,2180
face,2175
lg,2169
paper,2163
sensor,2161
forget,2160
compare,2157
sale,2156
snug,2154
reach,2146
rca,2142
nano,2136
notebook,2133
spot,2120
sleek,2114
minute,2108
dvr,2106
wd,2087
shutter,2087
background,2086
hassle,2074
cap,2071
scroll,2070
copy,2070
shape,2069
corner,2069
hole,2066
alot,2063
sync,2058
song,2056
budget,2048
content,2035
vista,2033
form,2030
sandisk,2028
tool,2026
controller,2019
discs,2017
print,1998
bring,1997
operate,1995
brightness,1994
flip,1976
glare,1960
bracket,1957
comment,1955
period,1949
belkin,1947
include,1944
clock,1933
talk,1929
post,1925
effect,1924
ring,1919
wi,1900
tivo,1900
holder,1899
specs,1898
recorder,1898
max,1898
info,1892
map,1892
usage,1890
component,1889
hate,1886
skin,1886
cleaning,1886
velcro,1883
fair,1882
happier,1881
sell,1880
cute,1876
intel,1875
result,1865
nook,1862
vga,1846
slight,1845
mb,1845
tip,1844
select,1843
throw,1838
con,1837
acer,1833
adequate,1828
message,1827
capability,1825
satellite,1823
purse,1823
core,1818
compartment,1818
plasma,1815
lighter,1811
deep,1807
release,1800
foot,1800
dvi,1800
continue,1798
lamp,1797
hdd,1786
imagine,1783
pin,1780
present,1775
linux,1774
default,1772
wont,1772
playback,1771
charm,1765
party,1756
alarm,1755
ship,1749
operating,1746
comfort,1744
route,1740
crap,1738
lag,1738
responsive,1735
bulb,1734
spending,1730
pink,1728
slip,1724
everyday,1720
macro,1719
weather,1709
miss,1706
converter,1703
detail,1697
lap,1697
suppose,1690
cloth,1676
surprise,1675
mistake,1675
gear,1674
didnt,1674
bonus,1673
factor,1670
downside,1670
state,1666
doubt,1666
zipper,1660
pre,1657
comparison,1650
aa,1649
create,1648
studio,1645
traffic,1645
plate,1645
seagate,1645
mobile,1643
zune,1642
edit,1641
sense,1640
ii,1635
field,1633
hasn,1633
tuner,1630
scratch,1629
account,1620
text,1617
multi,1615
shop,1610
thumb,1608
bed,1608
configuration,1608
ip,1602
share,1598
brought,1592
photographer,1591
burn,1589
block,1589
trust,1582
investment,1581
enclosure,1581
action,1579
shoulder,1576
rock,1570
regret,1566
pass,1557
perform,1555
contrast,1553
cam,1553
fail,1552
insert,1552
comcast,1546
flap,1545
fold,1540
breeze,1536
universal,1535
vendor,1533
imac,1526
alternative,1521
hood,1516
browser,1514
win,1512
meant,1510
credit,1509
strength,1509
hearing,1508
olympus,1507
foam,1506
monster,1503
loss,1502
bunch,1501
extender,1500
doesnt,1499
reviewer,1490
ball,1487
dash,1486
crazy,1483
answer,1482
unplug,1478
proper,1473
pioneer,1467
capture,1466
palm,1464
analog,1464
bill,1462
operation,1460
adjustment,1458
hang,1456
quot,1451
dollar,1449
distortion,1447
pressure,1444
vacation,1442
tend,1439
touchpad,1439
portrait,1438
slr,1425
wiring,1418
iso,1416
frequency,1414
ideal,1410
guide,1401
durability,1401
decision,1399
kodak,1395
balance,1393
accessory,1393
ir,1390
produce,1389
code,1387
moment,1384
shell,1381
skype,1380
street,1379
neck,1377
tilt,1373
instruction,1372
sennheiser,1370
beware,1366
advantage,1365
profile,1364
enter,1357
effort,1354
chip,1352
audiophile,1347
connectivity,1345
combo,1340
amplifier,1340
premium,1336
lenovo,1332
menus,1330
increase,1328
vizio,1325
magnet,1323
warm,1321
wake,1320
belt,1318
kitchen,1317
variety,1317
stylish,1315
china,1314
direction,1310
concern,1306
weird,1305
flaw,1304
label,1302
bargain,1299
superb,1299
adaptor,1299
custom,1298
waterproof,1296
webcam,1296
situation,1293
whatsoever,1293
decide,1291
speak,1291
birthday,1290
ground,1286
wrist,1286
morning,1286
depth,1286
trick,1285
agree,1282
gen,1282
recharge,1280
kinda,1279
cup,1279
lol,1271
movement,1269
crystal,1268
navigate,1265
city,1263
attention,1262
entertainment,1262
password,1261
primary,1260
skip,1258
shouldn,1257
awkward,1256
medium,1255
claim,1254
fill,1252
outdoor,1248
landscape,1247
walk,1247
quit,1247
bulk,1244
minimal,1244
duty,1242
aluminum,1242
neat,1242
combination,1241
loop,1241
reboot,1234
navigation,1233
shopping,1227
college,1226
interference,1223
silver,1222
vehicle,1221
net,1220
heavier,1220
story,1215
garbage,1214
extreme,1211
socket,1211
prevent,1210
mice,1209
nuvi,1205
ft,1205
square,1203
baby,1200
smell,1198
gym,1197
disappointment,1197
delay,1194
advice,1194
news,1191
awful,1191
man,1186
tomtom,1185
cheaply,1185
aux,1185
drawback,1184
mom,1183
housing,1183
ton,1176
anti,1174
wise,1171
mother,1162
purple,1162
extend,1161
question,1159
trade,1159
mark,1158
yesterday,1154
exchange,1153
force,1152
failure,1149
mess,1148
consumer,1147
admit,1146
collection,1145
upload,1145
strip,1143
indoor,1141
noisy,1140
onkyo,1133
fitting,1133
louder,1130
generic,1130
odd,1128
tube,1126
glove,1120
environment,1114
truck,1112
shuffle,1110
proof,1109
folder,1108
dial,1102
lifetime,1102
random,1101
subject,1098
mm,1097
awhile,1096
stiff,1095
indicator,1095
la,1091
console,1090
afraid,1089
closer,1089
instant,1081
pause,1081
harder,1081
maximum,1081
degree,1079
library,1078
feedback,1078
begin,1077
suction,1073
wii,1071
sensitivity,1070
fancy,1068
motorola,1064
amd,1063
selection,1062
buck,1061
planning,1060
yamaha,1059
configure,1058
surge,1057
yeah,1055
gig,1055
male,1054
watts,1052
processing,1049
pricey,1049
harmony,1048
aspect,1047
thicker,1047
splitter,1047
browsing,1046
met,1044
honest,1042
av,1040
blown,1037
height,1036
risk,1035
gold,1035
master,1033
brother,1032
compatibility,1028
dongle,1024
reliability,1021
sansa,1019
lit,1019
documentation,1019
terrific,1013
delete,1012
seat,1010
recomend,1010
zip,1009
section,1009
swivel,1008
shorter,1008
wrap,1001
penny,1001
vcr,1000
portion,999
bang,999
raw,998
sun,997
afford,996
buyer,996
gadget,991
silicone,991
plain,986
vision,983
beach,981
building,980
deliver,980
hurt,979
raid,976
convert,974
portability,974
deck,973
title,972
viewfinder,971
jvc,969
policy,968
boost,968
respond,964
tower,964
logo,963
shame,963
chrome,961
voltage,960
attempt,957
shelf,956
underwater,955
aperture,949
rough,947
min,945
worthless,943
hulu,940
split,939
firewire,939
ebay,935
windshield,934
tom,933
blurry,930
project,928
bridge,928
yellow,928
def,926
management,926
suspect,925
placement,924
restart,924
drag,924
cisco,922
difficulty,922
airport,920
matte,920
hesitate,919
draw,919
layout,918
report,918
hey,917
watt,917
klipsch,917
country,917
dirt,915
gopro,911
jump,911
appearance,910
meaning,909
cheapest,907
boy,906
sticky,904
brick,902
bend,902
kid,901
silent,900
flawless,899
tray,898
woofer,898
zen,895
utility,894
strange,893
versatile,892
tag,892
nicer,891
steal,890
grab,890
sweet,890
round,888
manage,886
interior,885
accept,884
otterbox,883
outer,882
blow,882
bluray,880
pci,880
efficient,878
el,878
sufficient,877
notch,873
female,873
benefit,872
definition,870
catch,869
album,868
owner,867
ms,863
meet,863
touchscreen,862
unique,862
till,860
eq,859
threw,858
orange,857
rebel,856
btw,856
worn,856
coverage,856
convenience,855
toy,855
disconnect,854
faulty,854
prompt,853
smartphone,852
conclusion,850
walmart,848
psu,847
ps,846
bike,846
glue,845
pentax,844
hair,844
tricky,843
photoshop,842
dry,840
flexibility,840
exposure,839
knob,838
attachment,838
fabric,836
cassette,836
seal,833
solve,833
sight,833
bay,830
die,830
knock,830
entry,827
frustration,826
ghz,826
shift,824
corsair,824
popped,823
pod,821
bundle,820
transformer,820
shield,819
exception,818
laser,818
chromebook,816
backing,813
gonna,813
wider,811
rma,809
tear,809
dc,808
apartment,805
sdhc,805
shipment,802
boom,802
sister,801
es,800
tb,800
gripe,799
trash,799
event,798
dish,797
limit,797
hidden,797
displayed,796
horizontal,796
term,795
lt,794
aaa,792
plane,791
manner,790
lan,790
dirty,789
caught,789
gamer,789
mirror,788
wind,788
af,786
broadcast,783
vhs,783
sooner,780
swap,779
trackpad,777
icon,776
basement,776
dad,774
energy,774
cold,773
express,773
fps,772
burning,771
kingston,769
practice,768
fraction,768
wet,768
glossy,767
bent,767
ratio,766
town,765
backlight,765
mile,765
cloud,764
absolute,764
ceiling,763
tune,762
task,761
cleaner,761
gain,760
spring,760
upside,759
mechanism,759
art,759
garage,758
texture,757
register,757
magellan,756
rig,756
weekend,755
rotate,755
summer,753
rf,753
cabinet,752
retina,751
fragile,750
child,749
age,748
minimum,747
par,746
circuit,745
sharpness,744
sad,743
affect,742
mbps,741
recommendation,741
sec,740
genuine,738
closure,738
hesitant,736
stayed,734
manager,734
rain,733
i7,733
picky,733
explain,732
student,731
friday,729
lid,728
joke,728
nvidia,728
target,725
needless,723
success,721
magic,720
overnight,720
dog,719
usa,718
blank,718
stabilization,716
grade,715
arrival,714
roll,714
sticker,713
rip,713
basis,712
tap,709
id,709
law,709
stress,709
sign,708
pixel,708
trigger,707
fee,707
freeze,707
rep,705
shoe,705
mp,703
en,703
method,703
dim,702
powershot,701
mute,701
curve,700
sheet,699
chat,699
isolation,697
earphone,696
closing,695
burner,695
couch,694
breaker,694
saver,694
underneath,693
impression,691
boat,689
cradle,689
reduction,689
dozen,689
scene,689
thinner,689
tone,687
heart,687
cat,687
shack,687
activity,687
tad,686
anker,686
reference,684
sunlight,684
flight,684
expert,683
temperature,683
ripped,681
sat,681
pleasant,681
dsl,680
brighter,680
favor,680
sweat,679
lay,678
shake,677
letter,676
cordless,676
concept,676
tinny,675
detect,674
forgot,674
edition,673
amateur,672
summary,672
polk,671
timer,670
cf,670
cumbersome,669
sigma,668
earbud,668
ipad2,667
hadn,664
meter,663
microsd,662
cross,661
provider,659
htpc,657
abuse,657
defect,657
opposite,656
soundbar,655
crack,654
networking,654
gateway,652
denon,652
equivalent,652
directv,651
status,650
heck,650
department,648
ad,648
blew,647
trial,645
drain,644
gauge,644
wood,644
upset,643
log,642
pool,642
crank,639
shirt,639
chromecast,637
layer,635
bud,635
trackball,634
group,634
vinyl,634
hrs,633
vibrant,633
logic,632
gpu,631
width,631
coax,631
nature,628
hide,628
equalizer,627
count,626
jbl,625
bump,625
dashboard,624
lumix,623
savvy,623
serve,622
gray,622
knowledge,622
emergency,621
jacket,621
telephoto,617
suggestion,617
grainy,617
accident,616
paperwhite,616
shure,615
elegant,614
god,614
fly,613
cycle,613
resistant,612
funny,611
counter,609
gigabit,609
finder,608
repeat,607
thickness,606
consistent,606
interest,606
destination,606
firm,605
facebook,605
exterior,605
armband,604
advise,604
keypad,603
lead,601
repeater,600
ambient,599
lo,599
precise,599
quicker,598
stretch,598
activate,597
apparent,597
workout,597
backlit,597
feed,597
invest,596
expense,596
wallet,596
ride,595
confident,595
intend,594
request,594
cursor,593
yr,592
prop,592
clearer,590
mobo,590
hell,589
tooth,589
fake,585
grandson,585
tax,584
punch,583
pic,581
explorer,581
cash,581
hotel,581
offering,580
ubuntu,580
bd,580
versus,580
europe,580
peace,579
i5,578
autofocus,577
se,576
accuracy,576
fear,575
ps4,575
act,575
iii,575
december,575
uv,574
leg,574
transport,573
tall,573
programmed,572
reply,572
describe,572
darn,571
coby,570
trim,569
airplane,569
listing,568
wipe,568
command,566
inspiron,564
production,564
crash,564
fuzzy,563
aftermarket,562
resolve,562
detector,562
blame,562
verizon,562
xm,562
bet,561
patience,560
pricing,560
dolby,559
hinge,558
semi,558
pleasure,558
father,558
safety,558
dream,557
paint,557
slick,557
mediabridge,557
brown,556
brainer,555
twist,554
stability,554
artist,554
anytime,553
grey,552
pure,552
july,551
clunky,550
everytime,550
quad,550
team,549
receipt,549
reccomend,549
locate,548
blackberry,547
macs,547
module,546
nex,546
alright,546
shock,545
eos,544
winner,544
june,544
conversion,543
kick,543
robust,542
coffee,542
bt,541
chain,541
preference,541
girlfriend,540
remain,539
restore,539
accommodate,538
peel,538
starter,538
lense,538
annoyance,538
alert,537
motor,537
hung,537
rare,537
bezel,536
flush,536
instance,535
playlist,534
opportunity,534
folio,532
harness,532
lite,532
rpm,531
shiny,529
confidence,529
calibration,529
darker,528
march,526
advertising,526
mix,526
snow,525
client,525
frequent,524
yard,523
thrown,522
em,522
manufacturing,522
arrow,520
passport,520
pdf,520
bank,519
inferior,519
recovery,519
tx,518
printing,517
radar,517
official,517
win7,517
gtx,517
guarantee,515
public,515
mp3s,515
cardboard,514
region,513
moderate,512
narrow,511
ink,511
minus,510
flow,509
hum,508
claimed,508
neoprene,507
ide,506
kensington,505
muy,505
lift,504
expand,504
brilliant,504
impact,504
mono,502
eliminate,501
challenge,501
category,499
discount,497
hitch,497
duo,496
targus,496
lint,495
s3,494
determine,494
clamp,493
pan,493
foscam,492
vary,492
bus,491
suck,490
headache,490
havent,489
bare,489
scope,488
reproduction,488
mx,488
isnt,487
daylight,487
spoke,487
subscription,487
handheld,487
http,487
stage,486
forum,485
spin,485
wedding,484
reputation,484
measure,484
row,483
damn,483
zone,483
developed,483
spec,482
detection,482
suit,482
adobe,480
telescope,479
playstation,479
rebate,478
lesson,477
liquid,476
april,475
novice,475
ui,475
january,475
competition,474
confirm,474
platform,474
scanner,473
expansion,472
froze,471
customize,471
bandwidth,470
htc,470
caution,470
juice,470
majority,470
imo,468
fish,468
latch,468
cancel,468
pattern,467
death,467
screwdriver,466
footage,466
strain,465
crt,465
bottle,465
straightforward,465
exercise,465
communication,464
phenomenal,463
eject,463
taste,462
cancellation,461
supplier,461
bulbs,461
rom,461
telephone,461
drill,461
headband,460
blur,460
longevity,459
fat,459
infinity,459
quieter,458
disappoint,458
orientation,457
engine,457
engineering,457
champ,457
fashion,457
monopod,457
fiber,457
thunderbolt,457
mediocre,457
shower,456
widescreen,456
www,456
f2,456
inconvenience,456
kenwood,455
discover,455
mah,455
satisfactory,454
wave,454
usb3,454
thread,453
manufacture,453
surprising,453
demand,453
refresh,452
roof,451
pda,451
preset,451
spectacular,451
beginner,451
vivid,450
hdx,450
chair,450
marketing,449
joy,449
reverse,449
satisfaction,449
ef,449
solar,449
temp,448
friction,448
boyfriend,447
maintain,447
s4,446
training,444
wouldnt,444
monday,444
justify,444
language,444
gap,443
gotta,443
buzzing,442
retailer,442
highway,442
wore,442
beauty,441
priority,441
expectation,441
object,441
geek,441
wasnt,441
motorcycle,440
ill,440
steel,440
dislike,439
paste,439
vibration,439
november,438
pi,438
cannon,438
dlp,438
consideration,437
apc,437
standby,436
bug,435
envelope,435
document,435
tie,434
avail,434
bounce,434
recognition,434
blinking,433
granddaughter,433
droid,433
tweak,431
fyi,431
xoom,431
advance,430
sky,430
canal,429
partition,428
precision,428
permanent,428
rw,428
exist,427
coolpix,427
guitar,426
surf,426
achieve,426
lithium,426
august,425
mdr,425
copying,424
caveat,424
browse,424
wacom,424
thinkpad,423
engineer,423
simplicity,423
prone,423
onboard,423
gigabyte,423
speck,422
park,422
communicate,421
dealer,421
score,421
footprint,420
shade,420
squeeze,420
tp,420
cigarette,419
string,419
fuse,419
tho,418
transmit,417
para,417
bathroom,416
rt,416
treat,415
kvm,414
koss,414
ati,414
sirius,414
altec,414
sink,413
mesh,413
earpiece,413
stud,412
exit,412
mbp,411
pointer,411
bravia,410
hz,410
couldnt,410
lacie,410
hiss,410
flashlight,409
avi,409
relative,409
sharper,409
rack,408
laid,408
proven,407
isp,406
skullcandy,405
dx,405
occasion,404
vaio,404
midrange,404
vr,403
pinch,403
flex,402
clumsy,402
patient,401
blast,401
train,401
microfiber,399
photographs,399
classy,399
fool,399
inconvenient,398
drawer,397
intermittent,397
chipset,397
theatre,397
monitoring,397
passive,396
mp4,396
definite,395
coaxial,395
ion,395
removal,394
deeper,393
slightest,393
toss,393
dj,393
companion,392
heatsink,392
startup,392
viewer,392
schedule,391
silicon,390
msi,390
dac,387
f1,387
member,387
glitch,387
painful,387
lbs,387
ddr3,386
viewsonic,385
doa,385
promise,385
assist,385
transmission,385
messenger,384
hookup,384
ap,384
cake,383
multimedia,383
approx,382
speedy,382
t3i,382
versatility,382
d7000,382
harsh,382
zagg,382
fidelity,382
presentation,381
maker,381
sturdier,381
diameter,381
reconnect,381
ignore,381
patch,380
south,380
nightmare,380
walkman,380
griffin,380
radeon,379
cast,379
respect,378
transcend,378
t2i,378
visit,377
nylon,377
compromise,377
tomorrow,377
desire,376
ya,376
regard,375
winter,375
reciever,374
briefcase,374
umbrella,373
incorrect,373
shallow,373
tangle,373
scale,373
lemon,373
sand,372
dr,372
golf,372
hesitation,372
conversation,372
directional,371
eee,371
cushion,371
girl,370
dsc,370
nope,369
dpi,369
array,367
gem,367
boss,367
wizard,366
smoother,366
hip,366
experiment,366
wash,366
license,366
thermal,366
muddy,365
wiggle,365
fingerprint,365
helmet,364
voila,364
solo,363
triple,363
albeit,363
eat,363
d90,363
compaq,362
buggy,362
spray,361
moon,361
october,360
delicate,360
bear,358
dlna,358
booster,358
blowing,358
beast,357
cache,357
bummer,356
raise,355
lanyard,355
fuss,355
jpeg,355
slippery,354
seamless,353
ticket,353
football,352
oacute,352
closet,352
bolt,352
sample,351
rabbit,351
brush,351
mountain,351
tamron,351
diffuser,351
verbatim,351
reality,350
fluid,349
xmas,349
megapixel,349
airplay,349
twenty,348
rental,348
stellar,348
industry,347
copper,347
accidental,347
household,347
transaction,347
chord,347
displayport,347
epson,346
thousand,346
los,346
costco,346
recover,346
writer,345
clasp,344
assistance,344
dumb,344
gentle,344
dre,344
carbon,344
atx,344
relief,343
pace,343
cellphone,343
launch,343
guest,342
clutter,342
evo,342
host,342
bookshelf,342
goal,342
comfy,341
homework,341
dd,341
ample,341
occur,341
tactile,341
resistance,341
encryption,340
fx,340
rv,340
tree,340
hype,340
transparent,340
cnet,339
osx,339
requirement,339
simpler,338
giant,338
warehouse,338
representative,338
mad,338
nifty,338
modify,337
database,337
buzz,337
squaretrade,337
sport,336
psp,336
xps,336
lion,335
postage,335
truth,335
projection,335
prong,335
leaf,335
bending,335
jazz,334
verify,334
land,334
elite,334
lane,333
gas,333
vent,333
evga,333
study,333
firefox,333
north,332
mart,332
polaroid,332
recall,332
airflow,331
nike,331
aspire,331
pole,330
ref,330
crop,330
hybrid,330
candy,330
slider,330
warner,330
photograph,330
clearance,330
lp,329
electricity,329
volt,329
reflective,329
season,329
login,328
concrete,328
boombox,328
painless,327
aacute,327
manfrotto,327
ibm,327
virus,326
eyepiece,326
tank,326
lousy,326
lie,326
dmc,325
otter,325
camper,325
mi,324
changer,324
pavilion,324
limitation,323
mike,323
cowon,323
loosen,322
booting,322
technica,322
warn,321
killer,321
pyle,321
history,321
closest,321
subtle,321
kill,321
kicker,320
colorful,320
oppo,320
drove,320
kudos,320
insurance,319
dts,319
keychain,319
lowepro,319
procedure,319
hint,319
ultrabook,319
asleep,319
index,318
dot,318
wrt,318
afternoon,318
dhcp,318
barrel,318
wanna,318
perspective,318
clone,318
depot,318
compression,318
stood,317
spectrum,317
firewall,316
poi,316
rs,315
lip,315
toggle,315
worthy,315
sum,315
ford,314
slid,314
cart,313
mhz,313
buffalo,313
awsome,312
pound,312
antec,312
fujifilm,312
alpine,311
rotation,311
meeting,311
dec,311
discomfort,311
ssid,310
japan,310
sli,309
session,309
trendnet,308
san,308
blah,308
bullet,308
treadmill,308
usability,308
genius,307
ihome,307
dv,306
california,306
iriver,306
september,306
india,306
leica,305
reinstall,304
reflection,303
memorex,303
shine,302
ps2,302
rubbery,302
approach,302
magnification,302
ha,302
cinema,301
suffer,301
glow,301
dlink,301
lesser,301
techie,300
unfortunate,300
bokeh,300
eacute,300
struggle,300
jogging,300
ur,299
iacute,299
xd,299
concert,299
depend,299
carrier,299
excel,299
vpn,299
align,299
speech,299
earth,299
admin,298
installer,298
bestbuy,298
overheat,298
worthwhile,297
yrs,297
spread,297
lil,297
bloatware,297
wal,297
wma,297
rewind,295
solder,295
florida,295
disappear,295
colour,295
din,295
bumped,294
iomega,294
mass,294
raspberry,294
burst,294
parallel,293
indication,293
pilot,293
jumped,293
consumption,292
booklet,292
workmanship,292
roomy,292
avid,291
gel,291
seperate,291
softer,291
saturday,291
percent,291
ht,291
moisture,291
conference,290
enhance,290
food,290
lazy,290
unsure,289
avr,289
batter,289
bulkier,289
leopard,289
clue,289
dig,289
tuck,289
backward,289
d5100,289
hurry,288
club,288
hr,288
jam,288
waist,288
throughput,288
synology,288
church,288
integration,287
human,287
al,287
crossover,287
wep,287
hunt,286
sick,286
staff,285
patio,285
lame,285
uninstall,284
america,284
nimh,284
lug,284
mitsubishi,284
dance,284
drobo,284
buffer,284
stack,283
advertise,283
tendency,283
holiday,283
adult,283
existent,283
tote,283
steep,283
kickstand,283
fry,282
chest,282
overclock,282
excess,281
casio,281
gui,281
goodness,281
possibility,280
conjunction,280
unlock,280
quarter,280
uk,280
defender,279
odor,279
chassis,279
archos,278
nintendo,278
antennae,278
development,278
countless,278
pump,278
weigh,276
downfall,276
asap,276
halfway,276
neighborhood,275
honda,275
driven,275
destroyed,274
geforce,274
distort,274
reformat,274
batch,274
judge,274
echo,274
i3,274
chosen,273
pickup,273
shutdown,273
ohm,273
toyota,273
satisfy,272
parking,272
harddrive,272
slingbox,272
rattle,272
hop,272
alternate,271
niece,271
explanation,271
xl,270
switcher,270
luggage,270
separation,270
joint,270
obsolete,269
withstand,269
imho,269
terminal,269
intense,268
tension,267
cutout,267
neighbor,267
mega,266
survive,266
endless,266
grado,266
gp,266
tighter,266
refuse,266
butt,266
prove,265
erase,265
uhf,265
pillow,265
excuse,264
necessity,264
hitachi,264
woman,263
hdr,263
razer,262
circle,262
ect,262
farther,261
canada,261
beta,261
demo,260
beep,260
cyber,260
squeezebox,260
compensate,260
fed,260
gt,260
maxed,260
thx,260
modular,260
suite,259
rx,259
sanyo,259
resume,259
lexar,259
trunk,258
pcie,258
jan,258
pitch,258
powerline,258
excelent,258
yahoo,258
storm,257
jumping,257
arc,256
guard,256
sunday,256
skull,256
cb,256
db,256
mouth,256
plunge,256
vhf,256
overhead,255
insulation,254
knife,254
payed,254
ruin,254
ed,254
progress,254
fn,254
medialink,253
usm,253
lady,253
clever,253
torn,253
wattage,253
hobby,252
glance,252
heating,252
wound,252
idiot,252
piano,251
privacy,251
usb2,251
adapt,251
norton,251
planet,251
blaster,251
keeper,251
behavior,251
alignment,251
bird,250
fortune,250
fence,250
fade,250
faint,249
mat,249
fisheye,249
perfection,249
boring,249
reflector,249
producto,248
reflect,248
finicky,248
sacrifice,247
gun,247
monoprice,247
groove,247
compliment,247
estate,247
sexy,246
saturation,246
xs,246
oil,246
grain,246
encounter,246
cruise,246
rent,245
alpha,245
circular,245
shadow,245
armor,245
workstation,245
east,244
enthusiast,244
honor,244
softbox,244
aim,244
playbook,244
preview,244
discharge,243
oc,243
import,243
broadband,243
razor,243
structure,243
spite,243
classroom,242
sunny,242
nephew,242
usps,242
fuze,242
dull,241
lever,241
breath,241
mkv,241
ssds,241
freedom,241
fiddle,241
ghost,240
commute,240
leak,240
sequence,240
intention,239
excelente,239
navigator,239
transition,238
por,238
metro,238
sore,238
overcome,238
ice,238
swipe,238
jeep,238
cuz,237
mileage,237
nut,237
d40,237
beating,236
furniture,236
g4,236
tint,236
rio,235
gamble,235
path,235
community,235
criticism,235
cheapo,235
ds,235
dp,234
habit,234
brain,234
fight,234
sw,233
ath,233
dimension,233
buddy,233
voip,233
overkill,233
blink,233
bat,233
incase,233
statement,232
blueray,232
cartridge,232
ocz,232
smile,232
theory,232
ny,231
xbmc,231
refurb,231
border,231
van,231
bleed,230
impress,230
explore,230
vast,230
sooo,230
divx,230
driveway,230
kardon,229
vintage,229
flicker,229
mapping,229
backdrop,228
meantime,228
stone,228
element,228
dud,228
designer,228
metallic,228
turtle,227
rap,227
inconsistent,227
decrease,227
syncs,226
feb,226
cycling,226
faith,226
fishing,226
una,225
soundstage,225
advertisement,225
compete,225
thermaltake,225
toslink,225
inadequate,225
d5000,225
boston,225
retrieve,225
dns,225
buffering,225
timing,225
cramped,225
distant,224
alkaline,224
v2,224
lunch,224
clipped,224
burnt,224
degradation,224
customization,224
dimmer,224
offset,224
hawaii,223
productivity,223
carpet,223
vegas,223
challenged,223
ota,223
chemical,222
residue,222
lean,222
lengthy,222
west,222
passenger,222
calibrate,222
nc,222
assign,222
efficiency,221
soooo,221
hubby,221
appletv,221
cybershot,221
contour,221
insane,221
hardest,220
config,220
substitute,220
wpa,219
malfunction,219
g5,219
dealt,219
accomplish,219
magazine,219
daytime,219
nt,218
snugg,218
illumination,218
skinomi,218
porch,218
envy,218
abc,218
hefty,218
portfolio,217
stabilizer,217
sb,217
span,217
faux,217
smoke,217
nikkor,216
wildlife,216
refer,216
estimate,216
behold,216
moko,215
peak,215
toddler,215
rx100,215
ntfs,214
agent,214
calendar,214
swim,214
ti,214
esp,214
passing,214
pos,214
haha,213
responsiveness,213
directory,213
selector,213
rush,213
ventilation,213
xt,213
komputerbay,213
font,213
handful,212
cent,212
dive,212
trent,211
deserve,211
pipe,211
dump,211
ttl,211
disaster,211
praise,210
dslrs,210
texas,210
safari,210
plugin,210
f4,210
lab,210
biggie,210
atleast,210
camara,210
backlighting,210
reccommend,209
labor,209
visor,209
dryer,209
iem,209
dl,209
incident,209
sangean,208
detach,208
spoken,208
tweeter,208
cm,208
roocase,208
ownership,208
thirty,208
jpg,208
pny,208
newegg,208
del,208
nail,207
combine,207
performer,207
safer,207
thrive,207
bamboo,207
tl,207
hero,206
bound,206
pry,206
unscrew,206
intelligent,206
diamond,206
compass,206
cube,206
nuisance,205
enjoyment,205
ohms,205
genre,205
briefly,205
preamp,205
headrest,205
molex,205
grace,205
devise,205
x2,205
inability,205
sp,204
extent,204
iron,204
minolta,204
aid,204
docs,204
understood,204
venue,204
benchmark,204
confusion,204
li,204
cx,203
boxed,203
alienware,203
marketplace,203
capsule,203
patriot,203
ancient,203
tunnel,203
hyper,202
lake,202
runner,202
activation,202
backyard,202
rub,202
spindle,201
cobra,201
alt,201
dragon,201
sr,201
operator,201
vesa,201
cbs,201
pix,201
manipulate,200
arduino,200
hat,200
grow,200
v1,200
sim,200
chicago,200
d300,200
distinct,199
reluctant,199
remedy,199
competitor,199
elph,199
resort,199
suffice,199
ge,199
progressive,198
hiccup,198
suitcase,198
fedex,198
contract,197
fiio,197
da,197
grid,197
faceplate,197
iogear,197
moda,197
bb,197
latitude,197
tin,197
cooking,197
coast,197
d700,196
paperwork,196
calculator,196
cherry,196
fat32,196
techno,196
maintenance,196
pointless,196
mousepad,196
t3,196
banana,196
baseball,195
mpeg,195
d3100,195
shipper,195
nav,195
outlook,195
fatigue,195
blazing,194
biking,194
salt,194
ma,194
dialog,194
s9,194
trail,194
leap,194
maxtor,194
instrument,194
teach,194
dependent,194
hollow,194
onscreen,193
yep,193
bye,193
nov,193
propped,193
este,193
grill,193
nyc,193
mexico,193
s2,193
steam,192
troubleshoot,192
gmail,192
opt,192
dice,192
docsis,192
inline,192
comp,192
ereader,192
taller,192
container,192
coat,192
pencil,191
strike,191
mighty,191
availability,191
ctrl,191
reporting,191
weaker,191
intent,191
camp,190
crapped,190
silence,190
pbs,190
mohu,190
battlefield,190
kb,189
merchandise,189
boomy,189
collect,189
dorm,189
boxee,189
actiontec,189
teacher,189
caller,189
mis,188
fax,188
vice,188
d80,188
wrench,188
rail,188
bypass,188
article,188
guaranteed,187
sonic,187
chewed,187
supervisor,187
root,187
coil,187
grease,187
sucker,187
scheme,187
duct,187
retro,187
heartbeat,187
bleeding,187
routine,187
phase,187
nbc,186
eco,186
bumping,186
cc,186
hall,186
seek,186
reproduce,186
tdk,186
haul,186
rule,186
suede,186
slideshow,186
ntilde,186
arrangement,185
correction,185
ocean,185
cheep,185
assure,185
usefulness,185
grown,185
yoga,185
roller,185
underside,184
pristine,184
sea,184
blade,184
disney,184
shoddy,184
binder,184
registration,184
character,184
swear,183
ham,183
terk,183
nabi,183
isolate,183
yea,183
surveillance,183
blend,182
bin,182
funky,182
aka,182
marantz,182
d800,182
fluke,182
rocket,182
verdict,182
destroy,182
cat5,182
wan,182
yay,182
ware,182
exceed,182
heft,181
fellow,181
panorama,181
zeiss,181
kong,181
lossless,181
appeal,181
organization,181
decade,181
jet,181
cs,180
pal,180
hack,180
diy,180
lightscribe,180
spotty,180
plasmas,180
strobe,179
shortcut,179
seldom,179
lightroom,179
tri,179
recomiendo,179
pa,179
loyal,178
marware,178
doctor,178
blind,178
vudu,178
organizer,178
iconia,178
tuesday,178
fox,178
ribbon,178
drywall,178
listener,177
pet,177
vague,177
pivot,177
tc,177
lx,177
til,177
powerbook,177
axis,177
yo,177
distribution,177
reaction,176
er,176
opteka,176
caddy,176
crackle,176
presence,176
bc,176
disadvantage,176
panoramic,176
iv,176
heaven,176
backspace,175
marine,175
cruzer,175
tonight,175
x1,175
rhapsody,175
messy,175
adjacent,175
ftp,175
delight,175
partner,175
sq,174
vivitar,174
prepare,174
merchant,174
duration,174
clothing,174
property,174
inspection,174
ass,174
encourage,174
synch,173
magnavox,173
rc,173
column,173
spill,173
flaky,173
broadcasting,173
easyshare,173
avchd,173
hk,173
buena,173
bdp,173
legacy,173
york,172
modification,172
jewel,172
attest,172
ue,171
borrow,171
hs,171
latency,171
microscope,171
shaky,171
dose,171
counting,171
xsi,171
scam,171
tour,170
whine,170
viera,170
maneuver,170
mph,170
poe,170
codec,170
outage,170
downgrade,170
soap,169
grateful,169
twc,169
thier,169
flac,169
warmer,169
cheesy,168
lcds,168
slate,168
opera,168
towel,168
bothersome,168
bluerigger,168
sharkk,168
duplicate,168
sewn,168
darkness,168
secret,168
rude,167
gloss,167
vacuum,167
relay,167
nero,167
italy,167
cheetah,167
slave,167
sc,167
twin,167
handset,166
hong,166
jbuds,166
harm,166
notification,166
deluxe,166
mast,166
typist,166
someday,166
king,166
trailer,166
retract,166
ddr2,166
att,166
amplification,166
proud,165
den,165
alcohol,165
slack,165
versa,164
slimmer,164
header,164
science,164
mild,164
st,164
era,164
radiator,164
mortar,164
duh,164
worker,164
hardcore,164
protocol,163
league,163
cloudy,163
le,163
inaccurate,163
phantom,163
justice,163
microsdhc,163
mas,163
pile,163
x10,163
speedlite,163
imovie,162
wpa2,162
transit,162
optoma,162
sonys,162
leakage,162
thump,162
polarizer,162
bic,162
drum,162
ntsc,162
wasabi,162
thursday,162
drown,162
render,162
magicjack,161
highlight,161
hbo,161
cat6,161
retain,161
dir,161
disturb,161
sake,161
almond,161
fifty,161
hotspot,160
craftsmanship,160
bien,160
freeway,160
paperweight,160
rainbow,160
gimmick,160
mint,160
developer,160
rec,160
becuase,160
bumper,160
vx,160
t1i,160
teenage,159
win8,159
binding,159
loudness,159
disagree,159
weakness,159
jukebox,159
crowd,159
dusty,159
bell,159
snag,159
void,159
touchy,159
steer,159
lover,159
float,158
esta,158
omg,158
compliant,158
judging,158
squeegee,158
resist,158
dome,158
signature,158
calidad,158
argue,158
tiger,158
shortwave,158
lifespan,158
generate,158
mixer,157
downward,157
bam,157
rectangular,157
reload,157
nonsense,157
beam,157
tore,157
attract,157
flare,157
ain,157
dime,156
beneath,156
np,156
dialogue,156
mr,156
sweaty,156
coolest,156
workaround,156
finepix,155
exhaust,155
bean,155
scenario,155
powerpoint,155
stuffed,155
punchy,155
traveler,155
dinner,155
wps,155
richer,155
freak,155
wild,154
xbox360,154
bold,154
episode,154
circuitry,154
editor,154
wrt54g,154
startech,154
soo,154
rocker,154
river,154
utf8,154
smudge,153
mod,153
speedlight,153
century,153
recycle,153
harman,153
hike,153
shrink,153
revolution,153
webpage,153
ver,153
crossfire,153
recieve,152
trusty,152
standalone,152
needle,152
thankful,152
hiding,152
lapse,152
musician,152
intensity,152
confirmation,151
dent,151
sigh,151
complement,151
oct,151
techs,151
dtv,151
energizer,151
washer,151
chapter,151
jambox,151
pm,151
akg,151
inform,151
g3,150
capacitive,150
remind,150
splash,150
ooma,150
backside,150
percentage,150
cage,150
skill,150
tripp,150
evident,150
xti,149
tm,149
skyrim,149
winegard,149
gizmo,149
nit,149
cmos,149
x64,149
receptacle,149
stereos,149
buen,149
quantity,148
cry,148
teen,148
annoy,148
mood,148
fifteen,148
seam,148
cousin,148
drilling,148
effortless,147
jewelry,147
accent,147
turbo,147
rod,147
capacitor,147
ipaq,147
wooden,147
qc,147
whilst,147
bearing,147
tutorial,147
atom,147
d60,146
rockford,146
tester,146
john,146
pero,146
pricy,145
mba,145
subjective,145
visibility,145
war,145
sole,145
shortest,145
pentium,145
allen,145
handycam,145
optimum,145
math,144
appliance,144
debris,144
sam,144
bite,144
offline,144
subscribe,143
hotter,143
quirky,143
wifes,143
qwerty,143
iq,143
guidance,143
hill,143
predecessor,143
holster,143
compound,143
coupler,143
jog,143
whim,142
anticipate,142
savy,142
nfc,142
shooter,142
zipped,142
si,142
revision,142
compensation,142
warrenty,142
t4i,142
spine,142
submit,142
join,141
spouse,141
itrip,141
cox,141
collapse,141
drink,141
allot,141
brake,141
race,141
canvas,141
knockoff,141
beef,140
escape,140
eneloop,140
oz,140
plex,140
md,140
bench,140
moshi,140
tele,140
crysis,140
phono,140
discrete,140
engage,139
accomodate,139
island,139
tier,139
wav,139
podcast,139
diagram,139
ant,139
standpoint,139
assortment,139
wednesday,139
subway,139
facility,139
awake,139
msrp,139
polite,139
quest,139
evaluation,138
relax,138
huh,138
m4,138
hopeful,138
queue,138
restaurant,138
realy,138
rj45,138
sapphire,138
sept,137
phenom,137
ate,137
relevant,137
ff,137
quicktime,137
rescue,137
pvr,137
otg,137
collar,137
winxp,137
luxury,137
sabrent,137
usefull,137
hoya,137
jammed,137
binocular,137
hungry,136
tacky,136
arent,136
mate,136
clamshell,136
rgb,136
dang,136
ccd,136
chore,136
d200,135
jiggle,135
ar,135
flashy,135
holy,135
ez,135
rim,135
easel,135
celestron,135
leery,135
s95,135
gorilla,135
rosewill,135
aquos,135
slrs,135
acknowledge,134
joystick,134
density,134
sofa,134
wdtv,134
brittle,134
bmw,134
marathon,133
ebook,133
tile,133
impedance,133
toast,133
comply,133
basketball,133
anchor,133
s1,133
spacebar,133
conflict,133
divider,133
mission,133
usd,132
matrix,132
iffy,132
parent,132
nomad,132
cinch,132
fl,132
fireplace,132
evaluate,132
radius,132
warrant,132
aggravation,132
pois,132
implementation,132
clarion,132
agp,132
blower,132
minimalist,131
ibook,131
theme,131
diagonal,131
whisper,131
laggy,131
objective,131
germany,131
evidence,131
bedside,130
newbie,130
mobility,130
execution,130
condo,130
pl,130
a1,130
forerunner,130
teenager,130
cream,130
bs,130
grasp,130
toll,129
miracle,129
tack,129
alfa,129
intermediate,129
hdtvs,129
hog,129
drawn,129
ga,129
responsibility,129
maxell,129
egg,129
nightstand,129
x4,128
panic,128
degrade,128
antivirus,128
roommate,128
ts,128
horror,128
membership,128
duracell,128
audiovox,128
dear,128
promising,128
outweigh,128
sandy,128
skinny,127
cab,127
mo,127
unibody,127
meg,127
blasting,127
panny,127
ah,127
hazard,127
handbag,127
d600,127
microwave,127
outcome,127
stamp,127
sunset,127
sooooo,127
attribute,127
mall,127
vine,126
chart,126
asia,126
recipient,126
memo,126
tan,126
jerky,126
speakerphone,126
tether,126
hf,126
invoice,126
dept,126
scare,126
twelve,125
university,125
pwr,125
fuller,125
dummy,125
spotify,125
evf,125
como,125
symbol,125
silverstone,124
urge,124
adventure,124
apt,124
glide,124
iphoto,124
disclaimer,124
novelty,124
soundlink,124
airbender,124
carabiner,124
bomb,123
bsod,123
reposition,123
bicycle,123
sketchy,123
lifestyle,123
gameplay,123
subsequent,123
corel,123
buckle,123
infinite,123
proximity,123
realtek,123
sin,123
gesture,123
ss,123
distraction,123
discussion,123
ipad3,123
kinivo,123
whatnot,122
vixia,122
fairness,122
fog,122
inverter,122
halo,122
technique,122
ep,122
drm,122
scratchy,122
laugh,122
eagle,122
bi,122
alittle,122
enterprise,122
convince,122
di,122
specification,122
blurring,122
handsome,122
script,122
health,121
grandma,121
tn,121
integrate,121
neon,121
revue,121
sentence,121
digitizer,121
j3,121
tiene,121
authorization,121
quote,121
integrity,121
ballhead,121
armorsuit,121
radioshack,121
theft,121
executive,121
supplement,121
blog,120
nec,120
redundant,120
amplify,120
overlook,120
caviar,120
bnc,120
hds,120
replay,120
stroke,120
battle,120
g2,120
retention,120
relationship,120
iaudio,120
cone,119
coupon,119
mistaken,119
shove,119
verse,119
insertion,119
fading,119
confuse,119
discreet,119
faq,119
flatscreen,119
honeycomb,119
africa,119
dare,119
splitting,118
transportation,118
chevy,118
hobbyist,118
tail,118
astro,118
tiffen,118
misplace,118
noctua,118
painting,118
bulge,118
rival,118
midland,118
modulator,118
fatal,118
believer,118
artwork,118
hue,117
preserve,117
chill,117
trackman,117
glitchy,117
workhorse,117
lineup,117
enhancement,117
intake,117
fiance,117
proceed,117
corrupt,117
rev,117
escort,117
reorder,117
sheer,116
eh,116
fortunate,116
cave,116
whip,116
parental,116
premier,116
unreal,116
splice,116
reseller,116
pcm,116
epic,116
fond,116
br,116
fray,115
asrock,115
exe,115
chunk,115
uuml,115
distinguish,115
polar,115
simplest,115
literature,115
westinghouse,115
gathering,114
digit,114
cropped,114
tolerate,114
hex,114
incomplete,114
prepaid,114
doc,114
reel,114
nzxt,114
intuos,114
aac,114
counterfeit,114
vibrate,114
ridge,113
cowboy,113
fuzz,113
sdxc,113
tinker,113
macintosh,113
segment,113
legit,113
avatar,113
warrantee,113
sturdiness,113
trap,113
effectiveness,113
graduation,113
flop,113
jumper,113
gate,113
arrange,113
reservation,113
iris,113
jlab,113
economy,112
buff,112
athlon,112
topo,112
registry,112
pleather,112
stiffer,112
resource,112
sacd,112
nada,112
dos,112
quirk,112
scream,112
promotion,112
inherent,112
sprint,112
xfx,112
vi,112
mold,112
budge,111
profit,111
elbow,111
mask,111
x100,111
fingernail,111
multitude,111
scotch,111
u3,111
deceptive,111
observation,111
num,111
recharger,111
techy,111
ditch,110
lifeproof,110
absence,110
fluorescent,110
asset,110
slimline,110
msn,110
witch,110
analysis,110
sag,110
alaska,110
stem,110
reveal,110
campus,110
ni,110
comprehensive,110
reserve,110
extract,110
airline,110
presario,110
retrospect,109
origami,109
uacute,109
v3,109
wart,109
rename,109
itx,109
poster,109
goofy,109
horse,109
s5,109
g7,109
adorama,109
drift,109
margin,109
obscure,109
wtf,109
soccer,109
steve,109
tabletop,108
mk,108
goodbye,108
triangle,108
lb,108
hmmm,108
bout,108
stutter,108
pricier,108
crisper,108
prob,108
danger,108
jaw,108
mio,108
santa,108
impatient,108
packet,108
vlc,108
humidity,108
breakage,108
emphasis,107
tcl,107
coin,107
discovery,107
pinnacle,107
metra,107
tug,107
warcraft,107
aircraft,107
dvrs,107
lease,107
downright,107
celsius,107
tent,107
blessing,107
cabin,107
e2,106
cambridge,106
banging,106
shaft,106
nonexistent,106
siri,106
t1,106
meh,106
cod,106
lawn,106
foil,106
codecs,106
fitness,106
hauppauge,106
gallery,106
hdcp,106
venture,105
composition,105
pulse,105
jl,105
inclusion,105
deployed,105
pot,105
thingy,105
sol,105
titanium,105
interval,105
desperate,105
lifesaver,105
employee,105
foremost,105
tamrac,105
displaylink,105
chipped,105
detract,105
daisy,105
satechi,104
stretchy,104
unzip,104
garden,104
marker,104
melt,104
wedge,104
assistant,104
harmon,104
viola,104
aberration,104
marvel,104
te,104
prefect,104
plush,104
apex,104
replug,104
sf,103
luv,103
narrower,103
microusb,103
liner,103
etrex,103
charter,103
pata,103
mov,103
grocery,103
treatment,103
expander,103
sorta,103
windy,103
roxio,103
bias,103
n7,103
miniature,102
dimm,102
sender,102
culprit,102
java,102
tidy,102
notepad,102
speedtest,102
creation,102
sandwich,102
downtown,102
army,102
suv,102
goflex,102
pun,102
secs,102
px,102
soundcard,101
paranoid,101
malware,101
ipearl,101
joe,101
g10,101
react,101
jumpy,101
clarify,101
wmv,101
cat5e,101
url,101
bushnell,101
teh,101
trend,101
todo,101
flag,101
zeikos,101
razr,101
wonky,101
emptor,101
fintie,101
